<?xml version="1.0" encoding="UTF-8"?><rss version="2.0"
	xmlns:content="http://purl.org/rss/1.0/modules/content/"
	xmlns:wfw="http://wellformedweb.org/CommentAPI/"
	xmlns:dc="http://purl.org/dc/elements/1.1/"
	xmlns:atom="http://www.w3.org/2005/Atom"
	xmlns:sy="http://purl.org/rss/1.0/modules/syndication/"
	xmlns:slash="http://purl.org/rss/1.0/modules/slash/"
	>

<channel>
	<title>Uncategorized &#8211; SKYLAR</title>
	<atom:link href="http://mrclown.wtf/category/uncategorized/feed/" rel="self" type="application/rss+xml" />
	<link>http://mrclown.wtf/</link>
	<description>Portfolio</description>
	<lastBuildDate>Sat, 22 Aug 2020 18:36:58 +0000</lastBuildDate>
	<language>en-US</language>
	<sy:updatePeriod>
	hourly	</sy:updatePeriod>
	<sy:updateFrequency>
	1	</sy:updateFrequency>
	<generator>https://wordpress.org/?v=5.7.2</generator>

<image>
	<url>http://mrclown.wtf/wp-content/uploads/2020/08/cropped-cropped-modified-bitmojipng-jake-miller-bitmoji-png-248_360-32x32.png</url>
	<title>Uncategorized &#8211; SKYLAR</title>
	<link>http://mrclown.wtf/</link>
	<width>32</width>
	<height>32</height>
</image> 
	<item>
		<title>Hello world!</title>
		<link>http://mrclown.wtf/2020/08/22/hello-world/</link>
					<comments>http://mrclown.wtf/2020/08/22/hello-world/#comments</comments>
		
		<dc:creator><![CDATA[clownx7]]></dc:creator>
		<pubDate>Sat, 22 Aug 2020 18:36:58 +0000</pubDate>
				<category><![CDATA[Uncategorized]]></category>
		<guid isPermaLink="false">http://mrclown.wtf/?p=1</guid>

					<description><![CDATA[Welcome to WordPress. This is your first post. Edit or delete it, then start writing!]]></description>
										<content:encoded><![CDATA[
<p>Welcome to WordPress. This is your first post. Edit or delete it, then start writing!</p>
]]></content:encoded>
					
					<wfw:commentRss>http://mrclown.wtf/2020/08/22/hello-world/feed/</wfw:commentRss>
			<slash:comments>1</slash:comments>
		
		
			</item>
	</channel>
</rss>
